abcofficers: asiabusiness.officers@sloangroups.mit.edu
analyticsofficers: dataanalytics.officers@sloangroups.mit.edu
bbsaofficers: bbsa.officers@sloangroups.mit.edu
design: design.officers@sloangroups.mit.edu
edclub: education.officers@sloangroups.mit.edu
eecofficers: energy.officers@sloangroups.mit.edu
effectivealtruismofficers: effectivealt.officers@sloangroups.mit.edu
eiclubofficers: eiclub.officers@sloangroups.mit.edu
financeofficers: ibclub.officers@sloangroups.mit.edu
golfofficers: golf.officers@sloangroups.mit.edu
happybelly: happybelly.officers@sloangroups.mit.edu
hbcofficers: hbc.officers@sloangroups.mit.edu
healthcareofficers: healthcare.officers@sloangroups.mit.edu
hfofficers: hf.officers@sloangroups.mit.edu
imofficers: im.officers@sloangroups.mit.edu
impactofficers: netimpact.officers@sloangroups.mit.edu
japanofficers: japan.officers@sloangroups.mit.edu
latinofficers: latin.officers@sloangroups.mit.edu
lgbtofficers: lgbtqi.officers@sloangroups.mit.edu
marketingofficers: marketing.officers@sloangroups.mit.edu
mccofficers: mcc.officers@sloangroups.mit.edu
middleeastofficers: mena.officers@sloangroups.mit.edu
mitfintechofficers: fintech.officers@sloangroups.mit.edu
opsofficers: ops.officers@sloangroups.mit.edu
pmclubofficers: pm.officers@sloangroups.mit.edu
quantfin: quantfin.officers@sloangroups.mit.edu
realestateofficers: realestate.officers@sloangroups.mit.edu
retailofficers: retail.officers@sloangroups.mit.edu
rollingsloans: rollingsloans.officers@sloangroups.mit.edu
seidofficers: seid.officers@sloangroups.mit.edu
sjsoofficers: sjso.officers@sloangroups.mit.edu
sloantechclub: tech.officers@sloangroups.mit.edu
sloanwater: water.officers@sloangroups.mit.edu
snowofficers: snow.officers@sloangroups.mit.edu
swimofficers: swim.officers@sloangroups.mit.edu
vaofficers: vets.officers@sloangroups.mit.edu
ventureofficers: vcpe.officers@sloangroups.mit.edu
